{
    "timestamp": "2025-09-24 00:24:13",
    "test_type": "Ultra Robusto PSR-4",
    "psr4_loading": true,
    "total_attacks": 74,
    "total_detected": 0,
    "overall_effectiveness": 0,
    "sql_results": {
        "attacks": 22,
        "detected": 0,
        "effectiveness": 0
    },
    "xss_results": {
        "attacks": 27,
        "detected": 0,
        "effectiveness": 0
    },
    "php_results": {
        "attacks": 25,
        "detected": 0,
        "effectiveness": 0
    },
    "performance": {
        "avg_processing_time_ms": 0.5113554000854492,
        "max_processing_time_ms": 1.1410713195800781,
        "min_processing_time_ms": 0.2639293670654297,
        "throughput_per_sec": 1955.5870532175795
    },
    "system_metrics": {
        "total_requests": 124,
        "threats_detected": 210,
        "threats_by_type": {
            "SQL Injection": 122,
            "JavaScript Injection": 46,
            "PHP Injection": 38,
            "General Threats": 4
        },
        "processing_time": [
            1.8050670623779297,
            0.19788742065429688,
            0.13208389282226562,
            0.102996826171875,
            0.1499652862548828,
            0.09298324584960938,
            0.08416175842285156,
            0.08893013000488281,
            0.15497207641601562,
            0.10395050048828125,
            0.11992454528808594,
            0.13518333435058594,
            0.1430511474609375,
            0.09989738464355469,
            0.102996826171875,
            0.12993812561035156,
            0.15497207641601562,
            0.10585784912109375,
            0.10800361633300781,
            0.11301040649414062,
            0.11014938354492188,
            0.11706352233886719,
            0.1919269561767578,
            0.14090538024902344,
            0.15401840209960938,
            0.14901161193847656,
            0.13709068298339844,
            0.1270771026611328,
            0.09298324584960938,
            0.13494491577148438,
            0.07510185241699219,
            0.1010894775390625,
            0.09393692016601562,
            0.11897087097167969,
            0.1380443572998047,
            0.1430511474609375,
            0.10919570922851562,
            0.10418891906738281,
            0.1251697540283203,
            0.102996826171875,
            0.06818771362304688,
            0.06914138793945312,
            0.15497207641601562,
            0.10395050048828125,
            0.1480579376220703,
            0.19884109497070312,
            0.102996826171875,
            0.15115737915039062,
            0.102996826171875,
            0.10609626770019531,
            0.06103515625,
            0.05984306335449219,
            0.14591217041015625,
            0.14090538024902344,
            0.1480579376220703,
            0.1900196075439453,
            0.09894371032714844,
            0.15306472778320312,
            0.10704994201660156,
            0.06890296936035156,
            0.08487701416015625,
            0.15592575073242188,
            0.1289844512939453,
            0.19812583923339844,
            0.1399517059326172,
            0.1518726348876953,
            0.11801719665527344,
            0.1308917999267578,
            0.13899803161621094,
            0.13303756713867188,
            0.1671314239501953,
            0.12111663818359375,
            0.102996826171875,
            0.17404556274414062,
            0.3829002380371094,
            0.3399848937988281,
            0.2949237823486328,
            0.28586387634277344,
            0.244140625,
            0.2779960632324219,
            0.1499652862548828,
            0.17499923706054688,
            0.17595291137695312,
            0.15091896057128906,
            0.24819374084472656,
            0.3330707550048828,
            0.4940032958984375,
            0.2129077911376953,
            0.1850128173828125,
            0.13899803161621094,
            0.17905235290527344,
            0.16188621520996094,
            0.14209747314453125,
            0.14591217041015625,
            0.1418590545654297,
            0.1480579376220703,
            0.15306472778320312,
            0.1220703125,
            0.14901161193847656,
            0.14400482177734375,
            0.15687942504882812,
            0.3509521484375,
            0.39696693420410156,
            0.4031658172607422,
            0.5269050598144531,
            0.431060791015625,
            0.30303001403808594,
            0.15997886657714844,
            0.14090538024902344,
            0.18715858459472656,
            0.1761913299560547,
            0.186920166015625,
            0.24890899658203125,
            0.32806396484375,
            0.3490447998046875,
            0.30493736267089844,
            0.21696090698242188,
            0.17499923706054688,
            0.2181529998779297,
            0.1919269561767578,
            0.1990795135498047,
            0.1480579376220703,
            0.1499652862548828,
            0.1609325408935547
        ],
        "start_time": 1758666253.341564,
        "requests_blocked": 0,
        "requests_sanitized": 0,
        "uptime_seconds": 0.08,
        "avg_processing_time_ms": 0.182,
        "threats_per_request": 1.6935,
        "threat_log_entries": 0
    },
    "security_status": "high_risk"
}